{
   "Afghanistan":[
      {
      "coordenadas":[
         34.430147,
         65.8677043
      ],
      "habitantes":35.53
      }
   ],
   "Albania":[
      {
      "coordenadas":[
         41.1533,
         20.1683
      ],
      "habitantes":2.8
      }
   ],
   "Germany":[
      {
      "coordenadas":[
         50.044098, 
         10.488053
      ],
      "habitantes":82.79
      }
   ],
      "Argentina":[
      {
      "coordenadas":[
         -37.117672,
         -62.57256
      ],
      "habitantes":44.27
      }
   ],
      "Australia":[
      {
      "coordenadas":[
         -23.41724,
         134.77015
      ],
      "habitantes":24.6
      }
   ],
      "Austria":[
      {
      "coordenadas":[
         47.40762,
         14.4953503
      ],
      "habitantes":8.822
      }
   ],
      "Belgium":[
       {
      "coordenadas":[
         50.854954,
         4.3051786
      ],
      "habitantes":11.4
      }
   ],
      "Belarus":[
       {
      "coordenadas":[
         53.391554,
         27.787079
      ],
      "habitantes":9.508
      }
   ],
      "Bolivia":[
      {
      "coordenadas":[
         -16.2901535,
         -63.5886536
      ],
      "habitantes":11.39
      }
   ],
      "Brazil":[
      {
      "coordenadas":[
         -12.414003,
         -51.159217
      ],
      "habitantes":210.4
      }
   ],
      "Canada":[
      {
      "coordenadas":[
         56.1303673,
         -106.3467712
      ],
      "habitantes":37.34
      }
   ],
      "Colombia":[
      {
      "coordenadas":[
         4.6482836,
         -74.2482379
      ],
      "habitantes":43.07
      }
   ],
      "Costa Rica":[
      {
      "coordenadas":[
         9.9085,
         -84.0958
      ],
      "habitantes":4.5
      }
   ],
      "Chile":[
      {
      "coordenadas":[
         -33.4372,
         -70.6506
      ],
      "habitantes":18.05
      }
   ],
      "China":[
      {
      "coordenadas":[
         33.907131,
         104.119673
      ],
      "habitantes":1386000
      }
   ],
      "Denmark":[
      {
      "coordenadas":[
         56.2639198,
         9.5017853
      ],
      "habitantes":5.81
      }
   ],
      "Ecuador":[
         {
      "coordenadas":[
         -0.225219,
         -78.5248
      ],
      "habitantes":16.62
   }
],
      "US":[
         {
      "coordenadas":[
         39.7618,
         -104.881
      ],
      "habitantes":327.2
   }
],
      "Egypt":[
         {
      "coordenadas":[
         26.8205528,
         30.8024979
      ],
      "habitantes":99.14
   }
],
      "Spain":[
         {
      "coordenadas":[
         40.4378693,
         -3.8199646
      ],
      "habitantes":46.66
   }
],
      "Philippines":[
         {
      "coordenadas":[
         12.8797207,
         121.7740173
      ],
      "habitantes":3107
   }
],
      "Finland":[
         {
      "coordenadas":[
         64.657331,
         27.152155
      ],
      "habitantes":5.51
   }
],
      "France":[
         {
      "coordenadas":[
         47.078306,
         2.4853123
      ],
      "habitantes":66.99
   }
],
      "Greece":[
         {
      "coordenadas":[
         37.990832,
         23.703234
      ],
      "habitantes":10.74
   }
],
      "Honduras":[
         {
      "coordenadas":[
         14.1,
         -87.2167
      ],
      "habitantes":9.265
   }
],
      "India":[
         {
      "coordenadas":[
         21.1610714,
         79.0022979
      ],
      "habitantes":1391.7
   }
],
      "Indonesia":[
         {
      "coordenadas":[
         -0.789275,
         113.9213257
      ],
      "habitantes":266.6
   }
],
      "Ireland":[
         {
      "coordenadas":[
         53.072833,
         -7.762137
      ],
      "habitantes":4.83
   }
],
      "Iceland":[
         {
      "coordenadas":[
         64.627458,
         -18.58948
      ],
      "habitantes":0.36
   }
],
      "Italy":[
         {
      "coordenadas":[
         43.921485,
         11.45404
      ],
      "habitantes":60.48
   }
],
      "Japan":[
         {
      "coordenadas":[
         36.458084,
         138.879639
      ],
      "habitantes":126.8
   }
],
      "Mexico":[
         {
      "coordenadas":[
         23.251826,
         -102.467611
      ],
      "habitantes":209.3
   }
],
      "Mongolia":[
         {
      "coordenadas":[
         47.2046503,
         102.8168503
      ],
      "habitantes":3.07
   }
],
      "Namibia":[
         {
      "coordenadas":[
         -22.052103,
         17.103119
      ],
      "habitantes":2.53
   }
],
      "Netherlands":[
         {
      "coordenadas":[
         52.3738,
         4.89093
      ],
      "habitantes":17.18
   }
],
      "Paraguay":[
         {
      "coordenadas":[
         -23.765536,
         -58.0302157
      ],
      "habitantes":6.81
   }
],
      "Peru":[
         {
      "coordenadas":[
         -11.335835,
         -74.1400647
      ],
      "habitantes":32.17
   }
],
      "Portugal":[
         {
      "coordenadas":[
         38.7071,
         -9.13549
      ],
      "habitantes":10.29
   }
],
      "United Kingdom":[
         {
      "coordenadas":[
         53.180569,
         -1.570986
      ],
      "habitantes":66.44
   }
],
      "Romania":[
         {
      "coordenadas":[
         46.204196,
         24.9988703
      ],
      "habitantes":19.53
   }
],
      "Russia":[
         {
      "coordenadas":[
         55.7526,
         37.6231
      ],
      "habitantes":146.8
   }
],
      "Sri Lanka":[
         {
      "coordenadas":[
         7.527612,
         80.831642
      ],
      "habitantes":21.44
   }
],
      "South Africa":[
         {
      "coordenadas":[
         -29.293744,
         23.817307
      ],
      "habitantes":56.72
   }
],
      "Sweden":[
         {
      "coordenadas":[
         63.49709,
         15.9927033
      ],
      "habitantes":10.12
   }
],
      "Switzerland":[
         {
      "coordenadas":[
         46.9489,
         7.40737
      ],
      "habitantes":8.57
   }
],
      "Thailand":[
         {
      "coordenadas":[
         15.913618,
         100.7015
      ],
      "habitantes":69.04
   }
],
      "Taiwan*":[
         {
      "coordenadas":[
         23.3915073,
         120.3580988
      ],
      "habitantes":23.78
   }
],
      "Turkey":[
         {
      "coordenadas":[
         39.9199,
         32.8543
      ],
      "habitantes":80.81
   }
],
      "Uruguay":[
         {
      "coordenadas":[
         -33.062127,
         -55.9433197
      ],
      "habitantes":3.45
   }
],
      "Venezuela":[
         {
      "coordenadas":[
         8.217623,
         -66.3197957
      ],
      "habitantes":31.98
   }
]
}